Label,Modularity Class
anthropology,0
culture,0
hiking,0
learning,0
philosophy,0
sociology,0
camping,0
city,0
fishing,0
poetry,0
climbing,0
cooking,0
dancing,0
diving,0
instrumentation,0
kayaking,0
style,0
gardening,0
mountain biking,0
psychology,0
skiing,0
traveling,0
family,0
food,0
music,0
park,0
theatre,0
urbanism,0
yoga,0
creativity,0
outdoor,0
sports,0
languages,0
nature,0
painting,0
photography,0
literature,0
science,0
alternative,0
baseball,0
softball,0
books,0
drink,0
english,0
movies,0
running,0
walking,0
ultimate frisbee,0
animals,0
places,0
scuba diving,0
mina,0
skydiving,0
art,0
politics,0
basketball,0
bicycling,0
riding,0
travel,0
fashion,0
german,0
history,0
snowboarding,0
environment,0
italian,0
spanish,0
surfing,0
meditation,0
morning,0
wine,0
writing,0
collecting,0
partying,0
biking,0
farming,0
cycling,0
golf,0
sailing,0
windsurfing,0
animal,0
hobby,0
japanese,0
canoeing,0
backpacking,0
siter,0
hang,0
football,0
savate,0
soccer,0
sport,0
tv,0
water sport,0
breaking,0
dance,0
relationships,0
design,0
health,0
glass,0
language,0
movie,0
architecture,0
boxing,0
fitness,0
human rights,0
martial arts,0
tattoo,0
environmentalism,0
theatre music,0
crochet,0
knitting,0
video games,0
water skiing,0
cinema,0
drawing,0
video,0
badminton,0
tennis,0
arts,0
theater,0
adventure,0
buddhism,0
filmi,0
french,0
guitar,0
international,0
economics,0
mountaineering,0
medicine,0
art music,0
kiteboarding,0
film,0
computer,0
rafting,0
salsa,0
tuba,0
silat,0
boating,0
drinking,0
sewing,0
spiritual,0
tourism,0
card game,0
drums,0
kitesurfing,0
other sports,0
swimming,0
volleyball,0
modern art,0
giga,0
linguistics,0
caving,0
motorcycling,0
smell,0
piano,0
table tennis,0
comics,0
journalism,0
juggling,0
performance,0
portuguese,0
skateboarding,0
wakeboarding,0
rock,0
movie art,0
roller skating,0
geography,0
other languages,0
education,0
rock climbing,0
sanj,0
technology,0
radio,0
country,0
beauty,0
group,0
hockey,0
chill,0
romance,0
art history,0
justice,0
snowshoe,0
birding,0
hobbies,0
ice hockey,0
shoa,0
american football,0
rugby,0
drama,0
music theatre,0
games,0
shopping,0
paragliding,0
local,0
ecology,0
media,0
cricket,0
working out,0
arabic,0
sculpture,0
society,0
spirituality,0
contemporary dance,0
rowing,0
andean music,0
dance music,0
chess,0
squash,0
comedy,0
turkish,0
diy,0
communication,0
shamisen,0
documentaries,0
religion,0
beach volleyball,0
capoeira,0
law,0
cs,0
ice skating,0
laughter,0
unicycling,0
agriculture,0
tango,0
theater arts,0
litterature,0
hunting,0
cheese,0
kids,0
conservation,0
dressage,0
astrology,0
board games,0
acting,0
kite,0
korean,0
newspaper,0
welfare,0
television,0
nutrition,0
national,0
translation,0
latin,0
russian,0
kiss,0
news,0
organic farming,0
floorball,0
bouldering,0
vietnamese,0
finnish,0
greek,0
dutch,0
hebrew,0
lacrosse,0
finswimming,1
engineering drawing,1
line,2
deportation,2
"       bells",2
bones,2
danish,2
heuristic,2
coin,2
ent,2
guitars,2
manga,2
historical,2
ids,2
classics,2
science fiction,2
computer game,2
fantasy,2
historia,2
ambient,2
luge,2
mis,2
parenting,2
choir,2
son,2
olifant,2
serialism,2
game theory,2
fencing,2
chelys,2
ballad,2
ir,2
horror,2
gambling,2
mod,2
biography,2
tom,2
se,2
pc,2
combinatorics,2
birdwatching,2
vinification,2
ca,2
guidance,2
regional,2
horror movie,2
anime,2
chanson,2
chorale,2
upright bass,2
sf,2
terrorism,2
danza,2
pk,2
gospel,2
punto,2
gar,2
ai,2
tropical,2
amish music,2
fiction,2
animalia,2
respiration,2
chaquan,2
version,2
violoncelle,2
comb,2
drop,2
nederlands,2
autobiography,2
latinistic,2
docu,2
mural,2
boi,2
spirits,2
board game,2
balada,2
ad,2
hurling,2
violone,2
ugal,2
chant,2
derecho,2
rpg,2
christmas day,2
strategy,2
chinese philosophy,2
suling,2
lis,2
informatique,2
horse racing,2
jugger,2
quena,2
goverment,2
suona,2
yiddish,2
sentir,2
iranian languages,2
gaelic football,2
cosplay,2
microphone,2
tro,2
bass violin,2
dentist,2
modernization theory,2
fue,2
aves,2
boules,2
baguazhang,2
candombe,2
pianoforte,2
greyhound racing,2
gothic metal,2
acoustic rock,2
document design,2
lur,2
crotales,2
argentine rock,2
koras,2
sambo,2
freestyle music,2
boxe française,2
web science,2
audio technology,2
coal mining,2
ballo,2
firebird,2
nota,2
shekere,2
harness racing,2
gusli,2
psaltery,2
punk cabaret,2
public radio,3
bell,3
game design,3
pepa,3
evolutionary biology,3
futurism,3
comparative religion,3
programmer,3
epistemology,3
computer networking,3
agronomy,3
material,3
bioinformatics,3
spam,3
freestyle rap,3
databases,3
ambient music,3
jam band,3
landscape architecture,3
urban design,3
amateur radio,3
tango music,3
lounge music,3
american literature,3
submarine,3
machine learning,3
ocarina,3
public affairs,3
software development,3
biomathematics,3
nanotechnology,3
fluxus,3
word game,3
telecommunications,3
taxation,3
sprint,3
triathalon,3
biotechnology,3
software engineering,3
advertisement,3
mining,3
dystopia,3
medical psychology,3
urban sociology,3
npr,3
podcast,3
model building,3
behavioral economics,3
book collecting,3
language acquisition,3
taxonomy,3
wildlife conservation,3
fiction writing,3
informatics,3
astronautics,3
algebra,3
food engineering,3
psychedelia,3
agroecology,3
telecommunication,3
radio astronomy,3
marine biology,3
gospel music,3
business informatics,3
soil science,3
d'n'b,3
free tekno,3
unix,3
transportation planning,3
freestyle skiing,3
biological sciences,3
public service,3
indian rock,3
round dance,3
organum,3
western philosophy,3
molecular biology,3
visual communication,3
jazz piano,3
fossil collecting,3
metallurgy,3
computer security,3
roller sport,3
radio documentary,3
pharmacy,3
sport kite,3
calif,3
lottery,3
cognitive neuroscience,3
kraut,3
information science,3
children's literature,3
czech literature,3
cognitive psychology,3
theater criticism,3
biological engineering,3
agroforestry,3
tax law,3
independent music,3
computational biology,3
underwater hockey,3
health education,3
cyberpunk,3
documentation,3
dilbert,3
green design,3
engineering physics,3
chinese history,3
control systems,3
natural resources,3
roots reggae,3
physical geography,3
steam punk,3
electropunk,3
signal processing,3
electrical engineering,3
molecular genetics,3
vacuum cleaner,3
urban sprawl,3
underwater rugby,3
information management,3
visual design,3
short story,3
computer software,3
amateur astronomy,3
computational linguistics,3
bioengineering,3
dendrology,3
music cognition,3
data mining,3
traffic engineering,3
cardiology,3
extreme poverty,3
information design,3
concept design,3
discourse analysis,3
standards,3
medieval music,3
kalarippayattu,3
fantasy novel,3
supply chain,3
dependency theory,3
jurisprudence,3
normative ethics,3
wind machine,3
self-organization,3
creole,3
systems engineering,3
sanskrit language,3
model aircraft,3
operations research,3
cultural analytics,3
seggae,3
finnish tango,3
general management,3
pub rock,3
advert,3
scale model,3
sufi rock,3
serpent,3
banjo guitar,3
jesus music,3
analytic philosophy,3
parody,3
photochemistry,3
xaphoon,3
comedy rock,3
personal computers,3
riddim,3
operating system,3
social technology,3
computational neuroscience,3
classical acting,3
application software,3
meta-ethics,3
systems biology,3
internal medicine,3
post-apocalypse,3
piri,3
broadcast journalism,3
storm chasing,3
mainland china,3
genomics,3
systematics,3
digital marketing,3
filmi pop,3
american war,3
olfaction,3
organized crime,3
urban acupuncture,3
information theory,3
cardiovascular systems,3
ubiquitous computing,3
secondary education,3
epigenetics,3
melodic music,3
country gospel,3
fourth world,3
metamorphic,3
petrology,3
blues ballad,3
information retrieval,3
anarcho-punk,3
organ transplant,3
carnatic music,3
financial services,3
knowledge discovery,3
spoof,3
samba funk,3
stabule,3
kus,3
systems science,3
fluid dynamics,3
pure mathematics,3
docudrama,3
process control,3
technical writing,3
maloya,3
analytical chemistry,3
stomp box,3
linked data,3
proteomics,3
gothic fiction,3
warr guitar,3
ashiko,3
electronics,4
indie,4
graphic artist,4
funk,4
percussion,4
soul,4
folk,4
bass guitar,4
classical guitar,4
drum,4
electric guitar,4
punk rock,4
rock music,4
flute,4
cello,4
violin,4
electricity,4
reggae,4
didgeridoo,4
harmonica,4
saxophone,4
ska,4
hard rock,4
metal,4
samba,4
jungle,4
disco,4
punk,4
acoustic guitar,4
player piano,4
electro,4
hip hop,4
pop,4
roots,4
electronic music,4
experimental,4
world music,4
flamenco,4
blues,4
harp,4
viola,4
oldies,4
bass,4
blues rock,4
jazz blues,4
tech,4
acoustics,4
folk music,4
opera,4
irish music,4
mandolin,4
jazz,4
ballet,4
folk rock,4
classic,4
stylistics,4
alternative rock,4
heavy metal,4
reggae rock,4
ukulele,4
trumpet,4
fiddle,4
techno,4
dub,4
classical music,4
indie rock,4
psychedelic,4
grunge,4
rock blues,4
noise,4
instrumental,4
mpb,4
popular music,4
folk dance,4
electronica,4
trip hop,4
bossa nova,4
contra dance,4
pop rock,4
pop music,4
modern dance,4
breakbeat,4
banjo,4
traditional music,4
accordion,4
klezmer,4
gadgets,4
bluegrass,4
dubstep,4
jewish,4
clarinet,4
dancehall,4
hardcore,4
classic rock,4
dnb,4
lovers rock,4
ragga,4
vocals,4
light music,4
indie pop,4
indie folk,4
choro,4
drum n bass,4
hobby farming,4
uilleann pipes,4
legal history,4
tropicalismo,4
twitching,4
torban,4
cool jazz,4
fusion,5
swing,5
bollywood,5
ballroom dance,5
lindy hop,5
cumbia,5
merengue,5
ska jazz,5
argentine tango,5
bird,5
kinnor,5
brass band,5
bellydance,5
supernatural,5
latino,5
speleology,5
coasteering,5
bachata,5
reggaeton,5
disco music,5
california,5
soca music,5
charleston,5
latin music,5
framing,5
nordic walking,5
vallenato,5
belly dance,5
latin jazz,5
caribbean,5
rumba,5
timba,5
zouk,5
indian dance,5
partner dancing,5
kwaito,5
musical improvisation,5
boogie-woogie,5
blues dance,5
soundtrack,5
salsa cubana,5
show jumping,5
improvisational comedy,5
bhangra,5
mambo,5
swing music,5
bongo flava,5
shredding,5
polka,5
dance improvisation,5
samba rock,5
bharatanatyam,5
hawaiian,5
tahitian,5
biwa,5
ancient greece,5
korfball,5
alternative electronic,5
hooter,5
synchronised swimming,5
beach tennis,5
eventing,5
computer programmer,5
goblet drum,5
pole dance,5
rope jumping,5
zamba,5
balboa,5
group dance,5
criminal law,5
caribbean music,5
planking,5
kizomba,5
string band,5
rai,5
punk blues,5
mbalax,5
ceilidh,5
chacha,5
new romantic,5
bassline,5
cambo,5
viennese waltz,5
mozambique,5
cornet,5
experimental rock,5
lambada,5
baroque music,5
duranguense,5
makossa,5
vocal improvisation,5
foxtrot,5
dramaturgy,5
kuduro,5
semba,5
platformer,5
college rock,5
shagur,5
soukous,5
blue beat,5
military science,5
tibetan music,5
modern pentathlon,5
microkorg,5
vietnamese language,5
jitterbug,5
pachanga,5
maxixe,5
chess boxing,5
funk carioca,5
other flutes,5
korean drum,5
greek rock,5
milonga,5
cuban rumba,5
cx,5
chacarera,5
temple dance,5
drone music,5
pin shooting,5
future bass,5
pankration,5
norteno,5
dirty blues,5
genge,5
hiplife,5
marrabenta,5
tecno brega,5
reference_node,6
users subreference,6
items subreference,6
global_vars subreference,6
bungee jumping,6
sky diving,6
synthesizer,6
bowling,6
straight edge,6
catch,6
rara,6
athletics,6
entertainment,6
netball,6
triathlon,6
ethics,6
political philosophy,6
training,6
professional,6
amateur,6
social anthropology,6
aviation,6
racing,6
parachuting,6
numismatics,6
celebrities,6
urban exploration,6
spinning,6
animation,6
computer music,6
kickboxing,6
twist,6
graffiti,6
organizations,6
pilates,6
spin,6
camera,6
categorization,6
garage,6
origami,6
lounge,6
music history,6
graphics,6
ski jumping,6
behavioral finance,6
finance,6
graphic design,6
investing,6
legal philosophy,6
water polo,6
free-diving,6
disc golf,6
worldwide,6
ice climbing,6
cultural history,6
composition,6
multimedia,6
college,6
high school,6
word,6
investment,6
business,6
actor,6
brazillian music,6
fado,6
futsal,6
block,6
sticke,6
advertising,6
philosophy/psychology,6
political economics,6
pool,6
structure,6
hula,6
trampoline,6
aerobics,6
spearfishing,6
creative writing,6
argul,6
film theory,6
commerce,6
auto racing,6
bureaucracy,6
interactivity,6
computational photography,6
cultural geography,6
lyra,6
humor,6
spectralism,6
college football,6
science news,6
tama,6
generative music,6
network,6
accounting,6
cancer,6
hora,6
graduation,6
banking,6
filmmaking,6
biathlon,6
eastern philosophy,6
sales,6
ultimate,6
fabric,6
pottery,6
revolution,6
dumpster diving,6
experimental music,6
auction,6
comic book,6
interior decoration,6
satire,6
digital,6
printing,6
atheism,6
composting,6
davul,6
strength training,6
hermeneutics,6
ceramics,6
bodybuilding,6
amateur theatre,6
marketing,6
film music,6
contesting,6
slow food,6
boarding,6
engineering technology,6
indoor climbing,6
media arts,6
new media,6
economic development,6
geocaching,6
transportation,6
racquet,6
aussie rules,6
hand cricket,6
gymnastics,6
fine art,6
historical sociology,6
homebrewing,6
billiards,6
ping pong,6
judo,6
animated,6
ethnology,6
counseling,6
continental philosophy,6
critical theory,6
urban planning,6
documentary film,6
karate,6
western,6
orienteering,6
lawn bowls,6
moral theory,6
philately,6
snooker,6
voice,6
interior design,6
fly fishing,6
web development,6
semantics,6
sampler,6
trampolining,6
base jumping,6
marathon,6
racquetball,6
bingo,6
keyboards,6
other instruments,6
short stories,6
political sociology,6
sipa,6
nudity,6
french boxing,6
fashion design,6
bowls,6
footbag,6
public relations,6
parkour,6
muay thai,6
thai boxing,6
educational psychology,6
psychedelic music,6
youth,6
automotive,6
morris dance,6
theatre arts,6
theatre studies,6
naturopathy,6
toy collecting,6
sevillanas,6
street dance,6
materials science,6
personal growth,6
biomedical engineering,6
darts,6
pate,6
folklore,6
strategy game,6
textile,6
instructor,6
illustration,6
physiotherapy,6
publisher,6
social dance,6
isolationism,6
soundtracks,6
poetics,6
current affairs,6
installation art,6
aleatoric music,6
hip hop music,6
acoustic music,6
american culture,6
industrial design,6
krav maga,6
venu,6
classical piano,6
naker,6
turtle,6
management,6
civil engineering,6
austin,6
archery,6
photography/film,6
russian language,6
fife,6
gesture,6
beading,6
ski mountaineering,6
wrestling,6
trivia,6
probability theory,6
vocal music,6
weaving,6
toasting,6
international business,6
entrepreneurship,6
nlp,6
real estate,6
japanese language,6
critical geography,6
music industry,6
polo,6
beekeeping,6
cooperative,6
figure skating,6
digital photography,6
nordic skiing,6
sport climbing,6
star trek,6
pilota,6
documentary,6
mba,6
table football,6
latin american music,6
paddle,6
charango,6
children's,6
career,6
stand-up comedy,6
business management,6
jazz dance,6
frisbee golf,6
paintball,6
freestyle frisbee,6
taekwondo,6
egyptology,6
funk music,6
earth science,6
virginals,6
yuca,6
roller derby,6
economic history,6
macroeconomics,6
world literature,6
needlework,6
foosball,6
shuffle,6
home improvement,6
cultural anthropology,6
learning sciences,6
home repair,6
sports news,6
bomba,6
community development,6
british rock,6
airsoft,6
alpine skiing,6
duda,6
search engines,6
food science,6
photojournalism,6
square dance,6
varied,6
tap dance,6
doctorate,6
project management,6
sexology,6
miniaturization,6
skate rock,6
taiko,6
aesthetics,6
business law,6
artificial creativity,6
information technology,6
physical fitness,6
breakdance,6
world history,6
experimental psychology,6
guzheng,6
american history,6
marker,6
team handball,6
collage,6
circle dance,6
natural medicine,6
communication design,6
digital art,6
soul music,6
weight training,6
computer graphics,6
ultramarathon,6
beach rugby,6
rugby league,6
chinese language,6
mixed media,6
typography,6
communications,6
video game,6
ideology,6
semiotics,6
government,6
children's books,6
mosaic,6
darwinism,6
fantasy football,6
personal development,6
complex systems,6
literary criticism,6
business marketing,6
foreign affairs,6
american politics,6
viet,6
existentialism,6
cyclocross,6
space technology,6
british history,6
quiz,6
meditation music,6
nuclear fusion,6
koke,6
santoor,6
theatre organ,6
mj,6
russian history,6
greek dances,6
moog,6
palaeontology,6
wwii,6
latin soul,6
occult,6
phycology,6
freerunning,6
dance education,6
grunge music,6
social science,6
mountain boarding,6
chemical engineering,6
automation,6
motogp,6
hollands,6
internet advertising,6
college basketball,6
social economics,6
bata,6
indoor soccer,6
letterboxing,6
popular culture,6
bass drum,6
hang gliding,6
flash mob,6
video art,6
political satire,6
business economics,6
economics tripos,6
concept art,6
miniature wargaming,6
interview,6
pirates,6
neurosciences,6
physical science,6
psycholinguistics,6
road cycling,6
environmental sciences,6
pop folk,6
social networks,6
turntablism,6
harmonium,6
microfinance,6
medical technology,6
ufo,6
rugby football,6
speed skating,6
military history,6
rugby union,6
religious studies,6
sports medicine,6
setar,6
celesta,6
bass recorder,6
film actor,6
graphic designer,6
speech,6
military,6
brushes,6
science education,6
environmental health,6
programming language,6
live electronics,6
conservation biology,6
futurology,6
radio comedy,6
pipe organ,6
yodeling,6
divinity,6
talk radio,6
public policy,6
bjj,6
artistic gymnastics,6
defender,6
linguistic anthropology,6
sirum,6
international affairs,6
tabletop game,6
family history,6
squash tennis,6
european music,6
electronic engineering,6
international economics,6
circus music,6
strat,6
emigration,6
lifting weights,6
broomball,6
negotiation,6
interactive arts,6
nonprofit management,6
power soccer,6
moto racing,6
communication studies,6
development economics,6
country pop,6
population genetics,6
table game,6
zarzuela,6
french literature,6
english studies,6
phenomenology,6
cajun music,6
modern language,6
media technology,6
shooting sports,6
roller hockey,6
nazi,6
actuarial science,6
dancesport,6
formula one,6
eurythmy,6
new testament,6
health science,6
language courses,6
sport rowing,6
sumo,6
papermaking,6
go go,6
shotokan,6
rhythmic gymnastics,6
hardstyle,6
wiffleball,6
body piercing,6
curtal,6
cheerleading,6
seismology,6
psychophysiology,6
hapkido,6
human development,6
grappling,6
french history,6
organic chemistry,6
old timey,6
bocce,6
miniature golf,6
synchronized swimming,6
korean language,6
biomechanics,6
serious game,6
epigraphy,6
slr photography,6
brazilian jiu-jitsu,6
russian literature,6
ski cross,6
sociolinguistics,6
top 40,6
interaction design,6
design thinking,6
information visualization,6
developmental psychology,6
english literature,6
sorority,6
motorcycle racing,6
nordic combined,6
baritone horn,6
environmental science,6
fraternity,6
language game,6
game show,6
islamic studies,6
plastic surgery,6
transnationality,6
oriental studies,6
urban studies,6
financial economics,6
boogaloo,6
aviation medicine,6
fly tying,6
postmodern literature,6
olympic games,6
lucha libre,6
record collecting,6
hip hop soul,6
pole vault,6
hihat,6
aeronautics,6
canadian football,6
net art,6
user experience,6
melbourne shuffle,6
computer engineering,6
gangsta rap,6
computing science,6
jianzi,6
bandy,6
british literature,6
internet marketing,6
nanga,6
intelligent design,6
drum machine,6
metaphysical politics,6
greek language,6
wind chime,6
aggrotech,6
russian people,6
third reich,6
material science,6
mechanical sciences,6
sustainable design,6
classical studies,6
econ,6
environmental history,6
education technology,6
transverse flute,6
assyriology,6
political management,6
electro acoustic,6
tech news,6
international education,6
nutrition science,6
policy studies,6
contemporary ballet,6
german studies,6
brain teaser,6
american civilization,6
tenor saxophone,6
comparative literature,6
nuclear physics,6
physiological science,6
econometrics,6
alarm clock,6
russki,6
computer architecture,6
pragmatics,6
business finance,6
maya music,6
developmental biology,6
crocker,6
virtual reality,6
modern rock,6
rope skipping,6
foreign relations,6
medical informatics,6
political realism,6
book binding,6
latin metal,6
information engineering,6
chande,6
bugle,6
aviation engineering,6
vovinam,6
ocean drum,6
background music,6
applied science,6
clinical psychology,6
phylogenetics,6
aerodynamics,6
chr,6
evaluation,6
dj music,6
beadwork,6
vexillology,6
chicano studies,6
turkish language,6
information architecture,6
praxeology,6
pop funk,6
fidget,6
international finance,6
remix,6
mrdanga,6
hurban,6
combat sport,6
shot put,6
political game,6
naval architecture,6
structural engineering,6
cinema studies,6
microfinancing,6
business news,6
stav,6
careers,6
canción,6
business history,6
hobby game,6
software programmer,6
kyudo,6
complex analysis,6
managment,6
sacred music,6
portuguese language,6
business communications,6
business administration,6
evolutionary systematics,6
dietetics,6
bokator,6
conch,6
target practice,6
rope climbing,6
morsing,6
caribbean literature,6
jousting,6
downhill cycling,6
madrigal,6
high fantasy,6
semantic web,6
militaria,6
yuka,6
medical sociology,6
virology,6
studio art,6
hip hop dance,6
wireless network,6
tomoi,6
communication sciences,6
washboard,6
padel tennis,6
sepak takraw,6
ivrit,6
ssireum,6
russian pop,6
business studies,6
latin american studies,6
bass trumpet,6
podcasting,6
urban anthropology,6
computational design,6
show tune,6
fluid mechanics,6
dhol,6
graph theory,6
information integration,6
international management,6
agricultural science,6
rattlesnake,6
regional planning,6
sonny,6
bodhrán,6
biomedical research,6
complex system,6
ixd,6
ux,6
anthology,6
mathematical astronomy,6
surdo,6
classic hits,6
radio special,6
krav,6
pre medicine,6
environmental planning,6
combatives,6
aerospace engineering,6
race walking,6
mathematical logic,6
"economics, mathematics",6
mathematical biology,6
classic salsa,6
steel guitar,6
red dirt,6
e-marketing,6
finance management,6
investigative journalism,6
biblical studies,6
aqua aerobics,6
developmental linguistics,6
eurogame,6
miniten,6
worship music,6
medieval dance,6
new beat,6
fishing game,6
audio blogs,6
rapper sword,6
sword dance,6
catch wrestling,6
electronic technology,6
production management,6
physician assistant,6
technology management,6
post-grunge,6
powerboating,6
geochemistry,6
finacial analysis,6
scat singing,6
morna,6
cooperative game,6
cancer biology,6
data visualization,6
wood block,6
ragtime,6
talking drum,6
space rock,6
managerial economics,6
port engineering,6
ulla,6
agribusiness,6
wallyball,6
اللغة العربية,6
tetherball,6
ethnohistory,6
sacred harp,6
health physics,6
skate punk,6
swingball,6
furniture music,6
continuum mechanics,6
electric blues,6
abstract algebra,6
occupational health,6
conscious hip hop,6
mellophone,6
political hip hop,6
atmospheric sciences,6
gongs,6
birdfeeding,6
design management,6
gwo ka,6
harmonica blues,6
shoot wrestling,6
classic metal,6
theoretical mathematics,6
atmospheric physics,6
parallel computing,6
regional mexican,6
water aerobics,6
film scoring,6
ethno jazz,6
psychedelic soul,6
minimal wave,6
lau gar,6
modal jazz,6
jkd,6
hammer throw,6
tumba,6
triple jump,6
ndi,6
logrolling,6
yass,6
children's games,6
sonification,6
biology/english,6
hourglass drum,6
comparative politics,6
chamberlin,6
male actor,6
gayo,6
glaciology,6
psycho-oncology,6
querflöte,6
the pit,6
incidental music,6
hospital administration,6
cytology,6
corporate finance,6
physical oceanography,6
combinatorial mathematics,6
marxist philosophy,6
orthopaedics,6
footbag net,6
participation dance,6
key instruments,6
cricket spitting,6
longa,6
triple swing,6
ncaa basketball,6
hungarian folk music,6
classical philology,6
portuguese guitar,6
virtual band,6
system integration,6
v50,6
jai alai,6
japanoise,6
english philology,6
byzantine music,6
christianity,7
buddhist,7
orpharion,7
australia,7
asia,7
theology,7
international development,7
jazz manouche,7
social work,7
austus,7
middle east,7
crunk,7
censorship,7
political science,7
rattle,7
diplomacy,7
pedagogy,7
indie-electro,7
musical comedy,7
refugee,7
clapper,7
bombarde,7
international relations,7
nursing,7
drag racing,7
bookbinding,7
sport studies,7
residency,7
rant,7
islam,7
special interests,7
secularism,7
futures studies,7
political theatre,7
hinduism,7
tapestry,7
set theory,7
theoretical ecology,7
wing tsun,7
oboe,7
palestine,7
publishing,7
jump rope,7
veritism,7
genocide,7
labor history,7
migration,7
political economy,7
city planning,7
electro rock,7
bassoon,7
emergency medicine,7
prayer,7
holocaust,7
rackett,7
christian,7
indian music,7
judaism,7
hindu,7
xylophone,7
sport fishing,7
surgery,7
demography,7
modern literature,7
visual anthropology,7
eugenics,7
renaissance literature,7
children's music,7
special education,7
jazz fusion,7
computer rock,7
finnish language,7
international law,7
hailes,7
trail riding,7
modern arnis,7
bagpipe,7
anonymity,7
violincello,7
architectural pattern,7
musical keyboard,7
brassband,7
architectural engineering,7
zionism,7
organizational studies,7
kantele,7
chamber music,7
legal studies,7
kombatan,7
guitar comedy,7
euphonium,7
social class,7
keytar,7
gynecology,7
eskrima,7
flugelhorn,7
double dutch,7
pediatrics,7
kenpo,7
cosmetology,7
shock rock,7
general surgery,7
surgeon,7
timpani,7
engineering science,7
supercomputer,7
italian opera,7
keyboard instruments,7
letter game,7
medical ethics,7
fender stratocaster,7
knowledge management,7
aggressive inline skating,7
gandingan,7
medical anthropology,7
freestyle bmx,7
machete,7
gaita,7
hulusi,7
wind instrument,7
international security,7
antisemitism,7
development sociology,7
welfare state,7
radiology,7
ehealth,7
snare drum,7
dental surgery,7
alt-country,7
cakewalk,7
speedrock,7
kali sikaran,7
cognitive synonymy,7
yiddish language,7
american government,7
english horn,7
anti-zionism,7
habitat conservation,7
fan fiction,7
baroque guitar,7
biomedical science,7
pradal serey,7
personal journals,7
obstetrics,7
rudra veena,8
surbahar,8
film production,9
banda music,9
tai chi,9
current events,9
aikido,9
gender studies,9
kendo,9
kung fu,9
iaido,9
strings,9
grand piano,9
pop culture,9
taijiquan,9
hun,9
natural horn,9
life sciences,9
film editing,9
kite flying,9
creation spirituality,9
social psychology,9
trot,9
directing,9
gong,9
variety arts,9
cello rock,9
erhu,9
wushu,9
kinesiology,9
physical therapy,9
outsider music,9
cloud watching,9
massage therapy,9
beach rock,9
qigong,9
jujutsu,9
dizi,9
allergies,9
physical education,9
natural science,9
bujinkan,9
taijutsu,9
business analysis,9
strategic planning,9
international studies,9
glockenspiel,9
singing bowl,9
ninjutsu,9
production design,9
astrología,9
shorinji kempo,9
cinema-television,9
xiao,9
business psychology,9
ancient music,9
higher education,9
quality management,9
student movement,9
sacred dance,9
western movie,9
big band,9
baggy,9
fresco,9
art pop,9
pop punk,9
xingyiquan,9
interfaith,9
medieval literature,9
physical cosmology,9
dance mix,9
uptempo,9
jodo,9
rock collecting,9
pipa,9
kenjutsu,9
italian rock,9
technical sciences,9
human resources,9
industrial technology,9
marvel comics,9
ethnic studies,9
dutch language,9
hornpipe,9
danzon,9
kwela,9
gouren,9
block flute,9
hammered dulcimer,9
guqin,9
system analysis,9
vaccination,9
tai chi chuan,9
toy piano,9
sanshin,9
calva,9
international marketing,9
battojutsu,9
iaijutsu,9
domra,9
glass harmonica,9
women's history,9
tape music,9
kajukenbo,9
goaltimate,9
russian guitar,9
sung poetry,9
box kite,9
rhythm guitar,9
gayageum,9
janggu,9
psychrometry,9
whistle,10
visualization,10
djembe,10
phd,10
spitting,10
asian music,10
visual arts,10
cajón,10
darbuka,10
capoeira angola,10
historical linguistics,10
fine arts,10
double bass,10
jazz band,10
bagpipes,10
americana,10
congas,10
stage design,10
music composition,10
celtic music,10
batucada,10
pagode,10
computability theory,10
european history,10
accountancy,10
vermont,10
printmaking,10
language geography,10
performing arts,10
slavistics,10
atheist,10
spanish guitar,10
concert band,10
piano accordion,10
etching,10
jew's harp,10
italian language,10
generative design,10
pocket billiards,10
spoken word,10
croquet,10
arabic language,10
visual art,10
film studies,10
educational theory,10
beer pong,10
music theory,10
applied linguistics,10
choral music,10
german language,10
conducting,10
music visualization,10
casting,10
party game,10
frame drum,10
doodle,10
french horn,10
ska punk,10
experimental physics,10
soul jazz,10
computer technology,10
ethnomusicology,10
musicology,10
chimes,10
motion pictures,10
social relations,10
piracy,10
a cappella,10
tin whistle,10
woodwind instrument,10
wing chun,10
conga,10
reeds,10
spoon,10
performance arts,10
piccolo,10
germanism,10
musical performance,10
medieval reenactment,10
steampunk,10
bluegrass music,10
marimba,10
reconstruction,10
community organization,10
makina,10
bongos,10
game art,10
outdoor recreation,10
systema,10
cymbals,10
hand drum,10
tabla,10
kazoo,10
tambourine,10
wind instruments,10
child psychology,10
music education,10
cajon,10
sitar,10
metabolism,10
development studies,10
multimedia design,10
actress,10
music performance,10
loop,10
cell biology,10
oceania,10
bajiquan,10
drumset,10
guitar banjo,10
bass clarinet,10
drummer,10
bansuri,10
set design,10
hammond organ,10
kalimba,10
kadans,10
spanish rock,10
physiological biology,10
fou,10
sciences humaines,10
publications,10
autoharp,10
screen-print,10
percussion instruments,10
triangle,10
applied arts,10
pandeiro,10
bouzouki,10
concertina,10
arabic music,10
winemaking,10
physical anthropology,10
baglama,10
electroacoustics,10
lathi,10
bodhran,10
free dance,10
bertsolaritza,10
hurdy gurdy,10
brass,10
plant sciences,10
economic policy,10
stone skipping,10
lute,10
social welare,10
harp guitar,10
occupational therapy,10
marching band,10
industrial rock,10
bamboo flute,10
brass instrument,10
drum kit,10
barbat,10
balafon,10
equestrianism,10
whittling,10
saz,10
naban,10
sousaphone,10
parlour music,10
arts administration,10
oud,10
grec,10
bongo drum,10
pan flute,10
meat science,10
zither,10
movies collecting,10
vibraphone,10
jewish music,10
biophysics,10
neurolinguistics,10
chinese opera,10
orchestral,10
melodica,10
alto saxophone,10
kaval,10
mexican rock,10
nortec,10
turkish music,10
mbira,10
embryology,10
lion dance,10
daf,10
health services,10
tanbur,10
structural biology,10
suizen,10
other percussion,10
fantasy fiction,10
art song,10
renaissance music,10
scottish literature,10
creative studies,10
veena,10
rap metal,10
shakuhachi,10
ney,10
wood chopping,10
vt,10
nose flute,10
fan club,10
paleobiology,10
medical physics,10
string instrument,10
interdisciplinary studies,10
cavaquinho,10
duduk,10
punk jazz,10
shaker,10
tamburello,10
berimbau,10
mouth organ,10
frontenis,10
slide guitar,10
kanklės,10
nyckelharpa,10
renaissance dance,10
shawm,10
jingle,10
high jump,10
sinology,10
organization development,10
doumbek,10
claves,10
intellectual history,10
biniou,10
bombard,10
lead guitar,10
woodwind quintet,10
hydraulis,10
udu,10
still photographer,10
irish flute,10
alto clarinet,10
car game,10
percussion instrument,10
brazilian jazz,10
thumb piano,10
bendir,10
applied physics,10
southern rock,10
timbales,10
tuned percussion,10
castanet,10
dobro,10
atonal music,10
cumbus,10
chorinho,10
dombra,10
slide whistle,10
jing,10
string bass,10
danso,10
new flamenco,10
music sequencer,10
kudüm,10
rare groove,10
piano blues,10
biological chemistry,10
angampora,10
yiquan,10
cuica,10
portative organ,10
lirone,10
dhrupad,10
pump organ,10
chamber pop,10
musical composition,10
danish language,10
dark electro,10
microhouse,10
qanun,10
orchestral jazz,10
dream pop,10
melodic hardcore,10
real aikido,10
romantic drama,10
dramyin,10
piguaquan,10
hellenistic philosophy,10
kite culture,10
pep band,10
hawaiian music,10
israeli theatre,10
freestyle wrestling,10
baritone saxophone,10
rabab,10
deathcore,10
mandocello,10
astrochemistry,10
stand up comedian,10
txalaparta,10
mobb music,10
crossfit,11
salsa music,11
psychedelic rock,11
university studies,11
chorus,11
norwegian,11
crime,11
fives,11
hardcore punk,11
thriller,11
stamp collecting,11
contrabass,11
weightlifting,11
geosciences,11
other music,11
everyday life,11
britpop,11
psychobilly,11
rockabilly,11
shoegazing,11
small business,11
death metal,11
josephus,11
nu metal,11
minimalist music,11
songo music,11
easy listening,11
mechanical,11
avant-garde,11
idm,11
jazz guitar,11
furniture design,11
horror film,11
symphonic metal,11
house music,11
mey,11
desert rock,11
animal science,11
fps,11
gypsy punk,11
vocoder,11
zydeco,11
buddhist music,11
black metal,11
singer-songwriter,11
post-industrial,11
soul blues,11
mariachi,11
dark cabaret,11
grindcore,11
punctualism,11
beach music,11
electro pop,11
indoor football,11
new age,11
family game,11
musical saw,11
space music,11
powerlifting,11
psychedelic trance,11
industrial music,11
disco rock,11
downtempo,11
enka,11
punk funk,11
acid jazz,11
parlour game,11
gaga,11
trance music,11
trombone,11
sumerian music,11
mineralogy,11
glee,11
orthopedics,11
theme music,11
minimal techno,11
social studies,11
darkwave,11
gothabilly,11
synthpop,11
coin collecting,11
country-rap,11
tech house,11
wargaming,11
progressive rock,11
product design,11
symphonic,11
abstract hip hop,11
breakcore,11
underground music,11
kyokushin,11
electro house,11
continuum,11
scat,11
russian rock,11
glitch,11
electrical,11
metal detector,11
bali dance,11
cowbell,11
environmental ethics,11
noise music,11
soap opera,11
latin literature,11
grateful dead,11
trova,11
violoncello,11
professional wrestling,11
electroacoustic music,11
rock n' roll,11
roma music,11
screenwriting,11
ebm,11
sport management,11
classic pop,11
smelly,11
rocksteady,11
visual kei,11
edm,11
progressive house,11
electronic rock,11
jiujitsu,11
"  electronic instruments",11
mashup,11
post-hardcore,11
modern history,11
dub music,11
relief,11
folk pop,11
tropical fish,11
alternative metal,11
electrojazz,11
thrash metal,11
ancient philosophy,11
nihilism,11
progressive metal,11
extreme metal,11
deep house,11
latin pop,11
glam rock,11
horn,11
volcanology,11
emo,11
country rock,11
latin rock,11
progg,11
progressive music,11
guitar pop,11
active rock,11
twee pop,11
vocal trance,11
christian theology,11
vocal house,11
zil,11
extreme music,11
alternative 90s,11
alternative folk,11
track cycling,11
big drum,11
crust punk,11
sound collage,11
doom metal,11
thrash,11
country soul,11
acid rock,11
classical funk,11
goa trance,11
happy hardcore,11
kliningan,11
inspirational music,11
general relativity,11
art punk,11
broken beat,11
boy band,11
asian studies,11
indietronica,11
noise rock,11
classical latin,11
grind,11
freebord,11
environmental studies,11
sludge metal,11
plena,11
world game,11
garage punk,11
general science,11
ragga jungle,11
detroit techno,11
vocal harmony,11
chill out music,11
russians,11
axe throwing,11
alternative dance,11
bandoneon,11
stoner metal,11
minimal house,11
rave music,11
beat music,11
electronic drum,11
electropop,11
french house,11
thermodynamics,11
french rock,11
smooth jazz,11
nu jazz,11
design pattern,11
pop soul,11
alternative country,11
celtic punk,11
dark ambient,11
neofolk,11
metalcore,11
talking blues,11
gothic music,11
math rock,11
electroclash,11
garage rock,11
folk metal,11
gypsy jazz,11
roots rock,11
chiptune,11
brand management,11
slow jam,11
classic punk,11
arkan,11
contemporary jazz,11
piano rock,11
latin house,11
power metal,11
vocal jazz,11
pop rap,11
haidong gumdo,11
soul rock,11
indiepop,11
geographic medicine,11
emo violence,11
screamo,11
handbells,11
computational creativity,11
tech trance,11
instrumental rock,11
big beat,11
jug band,11
street punk,11
gothic rock,11
drum solo,11
ss,11
honky tonk,11
free improvisation,11
chicago house,11
tenpin bowling,11
skacore,11
deep funk,11
japanese hardcore,11
technical management,11
mathematical education,11
rn,11
general engineering,11
digital hardcore,11
mineral collecting,11
aircraft spotting,11
qawwali,11
cancion,11
acid techno,11
rumba flamenca,11
rock and roll,11
russ,11
irish bouzouki,11
acoustical engineering,11
acid house,11
eai,11
music hall,11
social planning,11
nu rave,11
punjabi dances,11
fullon,11
neo soul,11
funk metal,11
underground rap,11
industrial techno,11
chromatic harmonica,11
neoclassical,11
trash rock,11
surrealist game,11
british invasion,11
delta blues,11
forensic anthropology,11
skiffle,11
ambient industrial,11
western swing,11
mento,11
emeiquan,11
public administration,11
sea shanty,11
symphonic techno,11
new blues,11
darkstep,11
black ambient,11
gibson sg,11
sequential art,11
surface science,11
fretless guitar,11
avant garde metal,11
classic trance,11
europop,11
mathcore,11
drum and bass,11
collegiate wrestling,11
pumpin' house,11
progressive electro,11
hardcore hip hop,11
teen pop,11
romanian rock,11
musique concrete,11
euro disco,11
marketing management,12
crm,12
freak folk,13
new rave,13
transport,14
coco,14
english language,14
rudible,14
80's,14
premed,14
vielle,14
50's,14
exotica,14
60's,14
70's,14
verdiales,14
west africa,14
tabor,14
central america,14
kiiking,14
field hockey,14
español,14
railroad,14
french language,14
italiano,14
cloth,14
denistry,14
valencia,14
français,14
tres,14
surf rock,14
francais,14
spanish language,14
ken,14
deutsch,14
kubing,14
schlager,14
bolero,14
porro,14
radio drama,14
grime,14
clarion,14
meringue,14
beatboxing,14
tar,14
asian languages,14
insurance,14
social club,14
online marketing,14
anatolian,14
manager,14
90's,14
santur,14
film directing,14
tangos,14
polish music,14
variety show,14
turku,14
us news,14
home decor,14
kane,14
gabber,14
marabi,14
yu,14
new wave,14
dulcian,14
ball badminton,14
castellano,14
romantic music,14
techno music,14
country blues,14
ganza,14
early christianity,14
tulum,14
para para,14
country folk,14
afrobeat,14
accordian,14
victorian era,14
ligature,14
soleares,14
buk,14
group theory,14
hymn,14
ululation,14
italo disco,14
português,14
kundi,14
türkisch,14
skeleton,14
turki,14
kora,14
tenor drum,14
austrian music,14
database design,14
tranverse flute,14
competitive eating,14
日本語,14
european studies,14
tonette,14
parody music,14
area studies,14
pentathlon,14
canso,14
00's,14
volksmusik,14
futuribles,14
folkcore,14
türkçe,14
bobsledding,14
hardtechno,14
piatti,14
slipknot,14
ngoni,14
yacht racing,14
cristiano,14
adani,14
no wave,14
family laws,14
wife carrying,14
kite buggy,14
católica,14
balinese dance,14
reproductive health,14
dance anthem,14
עברית,14
bandola,14
charanga,14
habanera,14
torball,14
cuarteto,14
anatomy,15
cosmology,15
physiology,15
theory,15
mystery,15
evolution,15
hacker,15
hacking,15
metaphysics,15
jazz rap,15
sexuality,15
blues music,15
emotivism,15
sciences,15
programming,15
intelligence,15
archeology,15
physics,15
women,15
computer science,15
neuroscience,15
astronomy,15
magic,15
gender,15
mathematics,15
biology,15
maths,15
american studies,15
ornithology,15
alternative health,15
astrophysics,15
chemistry,15
health care,15
astrobiology,15
remote sensing,15
medieval history,15
mechanics,15
logic,15
math,15
communication artist,15
direction,15
engineering,15
neurology,15
poverty,15
fungi,15
mycology,15
mysticism,15
computational mathematics,15
alchemy,15
zoology,15
behavior,15
control theory,15
information systems,15
geology,15
tricking,15
robotics,15
ethnobotany,15
plant biologist,15
modern music,15
biodiversity conservation,15
climatology,15
criminology,15
software,15
jit,15
immunology,15
microbiology,15
parasitology,15
natural sciences,15
humanities,15
social sciences,15
entomology,15
public health,15
christian music,15
dentistry,15
fantasy literature,15
artificial intelligence,15
ethology,15
psychopharmacology,15
horticulture,15
geographical,15
botany,15
glass art,15
spelunking,15
earth sciences,15
computer programming,15
dominoes,15
computer geek,15
forestry,15
archaeology,15
german literature,15
paleontology,15
radio broadcasting,15
indie music,15
cognitive science,15
genetics,15
michael jackson,15
biochemistry,15
"biology,chemistry",15
endocrinology,15
quantum mechanics,15
synthetic biology,15
software engineer,15
metalworking,15
morphology,15
syntax,15
ukrainian dance,15
musical theater,15
hyphy,15
organ,15
educational music,15
pirate,15
manjur,15
arm wrestling,15
digital media,15
veterinary medicine,15
other games,15
string,15
meteorology,15
art education,15
mass communication,15
pommer,15
gis,15
biogeography,15
geomatics,15
early music,15
harpsichord,15
mathematical sciences,15
psychiatry,15
fishkeeping,15
space science,15
marine science,15
behaviorism,15
philology,15
laws,15
pharmacology,15
astrologie,15
pathology,15
doina,15
oenology,15
hydrology,15
hardware,15
infectious diseases,15
web marketing,15
biological psychology,15
statistics,15
butoh,15
chemical physics,15
kabbalah,15
religious music,15
movie actor,15
theoretical physics,15
political ecology,15
mathematics-economics,15
drum set,15
chemical sciences,15
mathematical physics,15
physical chemistry,15
mechatronics,15
beach soccer,15
tragedy,15
rap music,15
telecom,15
viticulture,15
polyphony,15
geodesy,15
medicinal chemistry,15
physics/biology,15
"chemistry, music",15
pandore,15
comprehension,15
food chemistry,15
german-style,15
living poetry,15
recorder,15
taxidermy,15
international health,15
semiology,15
enology,15
global health,15
geriatrics,15
eurodance,15
human swimming,15
oceanography,15
allergy,15
geophysics,15
epidemiology,15
bipa,15
geomorphology,15
chemical biology,15
italian renaissance,15
maracas,15
son jarocho,15
neurobiology,15
paleoanthropology,15
jug,15
ancient greek,15
contemporary folk,15
boomerang,15
alto horn,15
theremin,15
mechanical engineering,15
neural network,15
syd barrett,15
phonetics,15
software developer,15
gamelan,15
planetary science,15
street basketball,15
particle physics,15
geological sciences,15
"economics, sociology",15
communication arts,15
african studies,15
environmental engineering,15
moral psychology,15
ausdruckstanz,15
expressionist dance,15
inorganic chemistry,15
infectious disease,15
cryptography,15
behavioural sciences,15
dice game,15
water resources,15
decima,15
space physics,15
herpetology,15
quantum chemistry,15
media studies,15
general chemistry,15
african reggae,15
cryptology,15
cybernetics,15
freethought,15
professional writing,15
criminal justice,15
category theory,15
human biology,15
applied mathematics,15
voluntary organizations,15
phonology,15
string instruments,15
inline hockey,15
greco,15
financial management,15
geoinformatics,15
topology,15
mathematical chemistry,15
normative theory,15
disco polo,15
riot grrrl,15
lied,15
medical research,15
gerontology,15
naturopathic medicine,15
biology/immunology,15
dermatology,15
lock picking,15
publication,15
medical genetics,15
chemistry & biochemistry,15
oncology,15
electronics engineering,15
pharmaceuticals,15
plant physiology,15
gemology,15
experimental medicine,15
lisp,15
evolutionary ecology,15
women's studies,15
general education,15
tropical medicine,15
clinical medicine,15
preventive medicine,15
environmental biology,15
woodwind,15
chemistry;mathematics,15
mathematical statistics,15
statistical physics,15
plant collecting,15
forest ecology,15
urban contemporary,15
cellular biology,15
model rocket,15
geography / meteorology,15
glam metal,15
symphonic rock,15
geological engineering,15
punk 'n' roll,15
formal logic,15
fortepiano,15
mathmatics,15
noise pop,15
dixieland,15
motion picture,15
modern hebrew,15
engineering sciences,15
greek literature,15
tricordia,15
hung gar,15
engineering management,15
power electronics,15
limnology,15
camogie,15
ophthalmology,15
ethnic electronica,15
steel-string guitar,15
kobudō,15
search engine,15
developmental genetics,15
materials engineering,15
harsh noise,15
microelectronics,15
pharmacogenomics,15
overclocking,15
biometrics,15
algebraic combinatorics,15
emarketing,15
colloid chemistry,16
mathematical analysis,16
urban education,17
alesis ion,17
american kenpo,18
kenpo karate,18
folk punk,19
art rock,19
scrapbooking,19
new country,19
ching,19
country music,19
chinese literature,19
designer game,19
instrumental guitar,19
pipe,19
electro hop,19
amateur boxing,19
cryptozoology,19
roleplaying game,19
management science,19
bebop,19
world news,19
cardmaking,19
synth,19
cross-country skiing,19
stoner rock,19
embodiment,19
theatrical design,19
blends,19
river running,19
tel aviv,19
jewelry design,19
historical reenactment,19
northern soul,19
free jazz,19
western music,19
ans synthesizer,19
cover band,19
soft rock,19
liberal arts,19
rogaining,19
classic country,19
folk jazz,19
film score,19
applied art,19
alternating current,19
japanese pop,19
audio production,19
wildlife ecology,19
krautrock,19
japanese literature,19
electric violin,19
crossover,19
mystery novel,19
flying trapeze,19
electric piano,19
soprano saxophone,19
production engineering,19
murder mystery,19
immigration law,19
township music,19
long jump,19
west indies,19
union pipes,19
holiday music,19
arp 2600,19
hurdling,19
nuclear engineering,19
ektara,19
pickleball,19
downbeat,19
son montuno,19
viking metal,19
ichthyology,19
kemenche,19
moog synthesizer,19
sephardic music,19
mammalogy,19
